{"count":1,"self":1449.8094079999998,"total":2093.425808,"children":{"InitializeActuators":{"count":25,"self":0.0035429999999999997,"total":0.0035429999999999997,"children":null},"InitializeSensors":{"count":25,"self":0.002121,"total":0.002121,"children":null},"AgentSendState":{"count":120073,"self":8.5904952,"total":35.711227199999996,"children":{"CollectObservations":{"count":1000625,"self":5.3424695999999994,"total":5.3424694,"children":null},"WriteActionMask":{"count":1000625,"self":2.0685924,"total":2.0685922999999997,"children":null},"RequestDecision":{"count":1000625,"self":7.2035488,"total":19.709670499999998,"children":{"AgentInfo.ToProto":{"count":1000625,"self":5.5825568,"total":12.5061214,"children":{"GenerateSensorData":{"count":1000625,"self":6.9235647999999994,"total":6.9235644999999995,"children":null}}}}}}},"DecideAction":{"count":120073,"self":449.97949439999996,"total":449.97948099999996,"children":null},"AgentAct":{"count":120073,"self":157.7238528,"total":157.723848,"children":null},"AgentInfo.ToProto":{"count":8074,"self":0.08247539999999999,"total":0.1952206,"children":{"GenerateSensorData":{"count":8074,"self":0.11274519999999999,"total":0.11274519999999999,"children":null}}}},"gauges":{"MyAgents.CumulativeReward":{"count":8074,"max":0.326,"min":-0.022,"runningAverage":0.03163194,"value":0.072,"weightedAverage":0.0390796177}},"metadata":{"timer_format_version":"0.1.0","start_time_seconds":"1707222088","unity_version":"2022.3.10f1","command_line_arguments":"C:\\Program Files\\Unity\\Hub\\Editor\\2022.3.10f1\\Editor\\Unity.exe -projectpath E:\\Projects\\ReinforcementLearning -useHub -hubIPC -cloudEnvironment production -licensingIpc LicenseClient-craci -hubSessionId 8f4ae82c-23da-4817-bbc1-c2a12b88f547 -accessToken W16Kifih80_RKijJtMVr4tnW8f1snaPtCcwdjOfDW0g007f","communication_protocol_version":"1.5.0","com.unity.ml-agents_version":"2.0.1","scene_name":"MLAgents","end_time_seconds":"1707224182"}}