{"count":1,"self":31.506409599999998,"total":31.810889999999997,"children":{"InitializeActuators":{"count":10,"self":0.0020001999999999997,"total":0.0020001999999999997,"children":null},"InitializeSensors":{"count":10,"self":0.001,"total":0.001,"children":null},"AgentSendState":{"count":1301,"self":0.081053,"total":0.2096525,"children":{"CollectObservations":{"count":13010,"self":0.065244299999999991,"total":0.065244299999999991,"children":null},"WriteActionMask":{"count":13010,"self":0.0170568,"total":0.0170568,"children":null},"RequestDecision":{"count":13010,"self":0.046298399999999997,"total":0.046298399999999997,"children":null}}},"DecideAction":{"count":1301,"self":0.0257294,"total":0.0257294,"children":null},"AgentAct":{"count":1301,"self":0.065097099999999991,"total":0.065097099999999991,"children":null}},"gauges":{},"metadata":{"timer_format_version":"0.1.0","start_time_seconds":"1710698051","unity_version":"2022.3.10f1","command_line_arguments":"C:\\Program Files\\Unity\\Hub\\Editor\\2022.3.10f1\\Editor\\Unity.exe -projectpath E:\\Projects\\ReinforcementLearning -useHub -hubIPC -cloudEnvironment production -licensingIpc LicenseClient-craci -hubSessionId ffbb75fd-2a28-400c-a9c0-d3c4042f1362 -accessToken TAIxUU4CJHkQUlbxPXm9zs7OSYS4I4h4WIkB53Vxsgg007f","communication_protocol_version":"1.5.0","com.unity.ml-agents_version":"2.0.1","scene_name":"Race2","end_time_seconds":"1710698083"}}