{"count":1,"self":62.2215936,"total":62.4691458,"children":{"InitializeActuators":{"count":1,"self":0.0010004999999999999,"total":0.0010004999999999999,"children":null},"InitializeSensors":{"count":1,"self":0.0010046999999999999,"total":0.0010046999999999999,"children":null},"AgentSendState":{"count":2860,"self":0.053221899999999996,"total":0.10255149999999999,"children":{"CollectObservations":{"count":2860,"self":0.021509399999999998,"total":0.021509399999999998,"children":null},"WriteActionMask":{"count":2860,"self":0.0060116,"total":0.0060116,"children":null},"RequestDecision":{"count":2860,"self":0.021808599999999997,"total":0.021808599999999997,"children":null}}},"DecideAction":{"count":2860,"self":0.030659699999999998,"total":0.030659699999999998,"children":null},"AgentAct":{"count":2860,"self":0.1113342,"total":0.1113342,"children":null}},"gauges":{},"metadata":{"timer_format_version":"0.1.0","start_time_seconds":"1711277993","unity_version":"2022.3.10f1","command_line_arguments":"C:\\Program Files\\Unity\\Hub\\Editor\\2022.3.10f1\\Editor\\Unity.exe -projectpath E:\\Projects\\ReinforcementLearning -useHub -hubIPC -cloudEnvironment production -licensingIpc LicenseClient-craci -hubSessionId eb6033c4-563c-4164-8357-14a892091dd4 -accessToken sq_QZnb1A7RJU7-ATufTKuT1rbJlD7eNLqaldKPZxF4007f","communication_protocol_version":"1.5.0","com.unity.ml-agents_version":"2.0.1","scene_name":"Race2","end_time_seconds":"1711278056"}}