{"count":1,"self":43.993542399999995,"total":44.110707999999995,"children":{"InitializeActuators":{"count":1,"self":0.0015050999999999999,"total":0.0015050999999999999,"children":null},"InitializeSensors":{"count":1,"self":0.0009988,"total":0.0009988,"children":null},"AgentSendState":{"count":1936,"self":0.0324785,"total":0.0718055,"children":{"CollectObservations":{"count":1936,"self":0.014675299999999999,"total":0.014675299999999999,"children":null},"WriteActionMask":{"count":1936,"self":0.011234899999999999,"total":0.011234899999999999,"children":null},"RequestDecision":{"count":1936,"self":0.0134168,"total":0.0134168,"children":null}}},"DecideAction":{"count":1936,"self":0.019077999999999998,"total":0.019077999999999998,"children":null},"AgentAct":{"count":1936,"self":0.0227726,"total":0.0227726,"children":null}},"gauges":{},"metadata":{"timer_format_version":"0.1.0","start_time_seconds":"1709964602","unity_version":"2022.3.10f1","command_line_arguments":"C:\\Program Files\\Unity\\Hub\\Editor\\2022.3.10f1\\Editor\\Unity.exe -projectpath E:\\Projects\\ReinforcementLearning -useHub -hubIPC -cloudEnvironment production -licensingIpc LicenseClient-craci -hubSessionId 707ac02e-7d67-4577-b669-763c99da29e3 -accessToken r0Mi7wRcfzFICjKsOuwQ49YL_UHSdiji9jiypWW36W4007f","communication_protocol_version":"1.5.0","com.unity.ml-agents_version":"2.0.1","scene_name":"Race2","end_time_seconds":"1709964647"}}